{
    "name": "python3-pyfda",
    "buildsystem": "simple",
    "build-commands": [
        "pip3 install --verbose --exists-action=i --no-index --find-links=\"file://${PWD}\" --prefix=${FLATPAK_DEST} \"pyfda\" --no-build-isolation"
    ],
    "sources": [
        {
            "type": "file",
            "url": "https://files.pythonhosted.org/packages/64/4a/b008d1f8a7b9f5206ecf70a53f84e654707e7616a771d84c05151a4713e9/numpy-1.22.3.zip",
            "sha256": "dbc7601a3b7472d559dc7b933b18b4b66f9aa7452c120e87dfb33d02008c8a18"
        },
        {
            "type": "file",
            "url": "https://files.pythonhosted.org/packages/92/f2/c48787ca7d1e20daa185e1b6b2d4e16acd2fb5e0320bc50ffc89b91fa4d7/importlib_metadata-4.11.3-py3-none-any.whl",
            "sha256": "1208431ca90a8cca1a6b8af391bb53c1a2db74e5d1cef6ddced95d4b2062edc6"
        },
        {
            "type": "file",
            "url": "https://files.pythonhosted.org/packages/8d/14/69b4bad34e3f250afe29a854da03acb6747711f3df06c359fa053fae4e76/docutils-0.18.1-py2.py3-none-any.whl",
            "sha256": "23010f129180089fbcd3bc08cfefccb3b890b0050e1ca00c867036e9d161b98c"
        },
        {
            "type": "file",
            "url": "https://files.pythonhosted.org/packages/b0/5c/5dd502b0e2e0cb2980fc4ed17e970089003e377115abf79b1918097f4996/fonttools-4.31.2-py3-none-any.whl",
            "sha256": "2df636a3f402ef14593c6811dac0609563b8c374bd7850e76919eb51ea205426"
        },
        {
            "type": "file",
            "url": "https://files.pythonhosted.org/packages/b4/a2/4faa34bf0cdbefd5c706625f1234987795f368eb4e97bde9d6f46860843e/scipy-1.8.0.tar.gz",
            "sha256": "31d4f2d6b724bc9a98e527b5849b8a7e589bf1ea630c33aa563eda912c9ff0bd"
        },
        {
            "type": "file",
            "url": "https://files.pythonhosted.org/packages/8a/46/425a44ab9a71afd2f2c8a78b039c1af8ec21e370047f0ad6e43ca819788e/matplotlib-3.5.1.tar.gz",
            "sha256": "b2e9810e09c3a47b73ce9cab5a72243a1258f61e7900969097a817232246ce1c"
        },
        {
            "type": "file",
            "url": "https://files.pythonhosted.org/packages/36/7a/87837f39d0296e723bb9b62bbb257d0355c7f6128853c78955f57342a56d/python_dateutil-2.8.2-py2.py3-none-any.whl",
            "sha256": "961d03dc3453ebbc59dbdea9e4e11c5651520a876d0f4db161e8674aae935da9"
        },
        {
            "type": "file",
            "url": "https://files.pythonhosted.org/packages/05/8e/8de486cbd03baba4deef4142bd643a3e7bbe954a784dc1bb17142572d127/packaging-21.3-py3-none-any.whl",
            "sha256": "ef103e05f519cdc783ae24ea4e2e0f508a9c99b2d4969652eed6a2e1ea5bd522"
        },
        {
            "type": "file",
            "url": "https://files.pythonhosted.org/packages/52/c5/df7953fe6065185af5956265e3b16f13c2826c2b1ba23d43154f3af453bc/zipp-3.7.0-py3-none-any.whl",
            "sha256": "b47250dd24f92b7dd6a0a8fc5244da14608f3ca90a5efcd37a3b1642fac9a375"
        },
        {
            "type": "file",
            "url": "https://files.pythonhosted.org/packages/5c/f9/695d6bedebd747e5eb0fe8fad57b72fdf25411273a39791cde838d5a8f51/cycler-0.11.0-py3-none-any.whl",
            "sha256": "3a27e95f763a428a739d2add979fa7494c912a32c17c4c38c4d5f082cad165a3"
        },
        {
            "type": "file",
            "url": "https://files.pythonhosted.org/packages/80/c1/23fd82ad3121656b585351aba6c19761926bb0db2ebed9e4ff09a43a3fcc/pyparsing-3.0.7-py3-none-any.whl",
            "sha256": "a6c06a88f252e6c322f65faf8f418b16213b51bdfaece0524c1c1bc30c63c484"
        },
        {
            "type": "file",
            "url": "https://files.pythonhosted.org/packages/c7/c0/5eef3c2fb687b71433f61638e317d468c3276d210bd462cfa0c3039ddf26/kiwisolver-1.4.1.tar.gz",
            "sha256": "91bfcd2a14bea6f93c86876c4abccb53dc3f0bcad55e3a0af0b3e57ced6eef11"
        },
        {
            "type": "file",
            "url": "https://files.pythonhosted.org/packages/03/a3/f61a9a7ff7969cdef2a6e0383a346eb327495d20d25a2de5a088dbb543a6/Pillow-9.0.1.tar.gz",
            "sha256": "6c8bc8238a7dfdaf7a75f5ec5a663f4173f8c367e5a39f87e720495e1eed75fa"
        },
        {
            "type": "file",
            "url": "https://files.pythonhosted.org/packages/34/69/abc8db210c5e3a24855d5a12e7b388bb5b91fd9664fb783089223dead798/pyfda-0.6.1-py3-none-any.whl",
            "sha256": "15a63aa347894bb960c1de01a3d1b7f0a46f61faddd0a71f1929c7aff42fdcd7"
        },
        {
            "type": "file",
            "url": "https://files.pythonhosted.org/packages/93/d1/ff80fd8a5d7c2bb9ef9968bbffdb65445bec990c427d55899af22900f57d/mplcursors-0.5.1.tar.gz",
            "sha256": "d52bc6e6c68371937dcf147d29ddd396f64a610663af006ef9145055bd2dcc84"
        },
        {
            "type": "file",
            "url": "https://files.pythonhosted.org/packages/76/b3/935d7a16f696ecfa8e06ce1153b1f54925a42904c245cebb15077762b965/numexpr-2.8.1.tar.gz",
            "sha256": "cd779aa44dd986c4ef10163519239602b027be06a527946656207acf1f58113b"
        }
    ]
}